,# run,cmsls,prescidx,totprescval,hltpath/prescval,logic,l1bit/prescval
0,No hltpathl1seed mapping found,,,,,,
1,No hltpathl1seed mapping found,,,,,,
2,No hltpathl1seed mapping found,,,,,,
3,No hltpathl1seed mapping found,,,,,,
4,No hltpathl1seed mapping found,,,,,,
5,No hltpathl1seed mapping found,,,,,,
6,No hltpathl1seed mapping found,,,,,,
7,No hltpathl1seed mapping found,,,,,,
8,No hltpathl1seed mapping found,,,,,,
9,No hltpathl1seed mapping found,,,,,,
10,No hltpathl1seed mapping found,,,,,,
11,No hltpathl1seed mapping found,,,,,,
12,No hltpathl1seed mapping found,,,,,,
13,No hltpathl1seed mapping found,,,,,,
14,No hltpathl1seed mapping found,,,,,,
15,No hltpathl1seed mapping found,,,,,,
16,No hltpathl1seed mapping found,,,,,,
17,No hltpathl1seed mapping found,,,,,,
18,No hltpathl1seed mapping found,,,,,,
19,No hltpathl1seed mapping found,,,,,,
20,No hltpathl1seed mapping found,,,,,,
21,No hltpathl1seed mapping found,,,,,,
22,No hltpathl1seed mapping found,,,,,,
23,No hltpathl1seed mapping found,,,,,,
24,No hltpathl1seed mapping found,,,,,,
25,No hltpathl1seed mapping found,,,,,,
26,No hltpathl1seed mapping found,,,,,,
27,No hltpathl1seed mapping found,,,,,,
28,No hltpathl1seed mapping found,,,,,,
29,No hltpathl1seed mapping found,,,,,,
30,No hltpathl1seed mapping found,,,,,,
31,No hltpathl1seed mapping found,,,,,,
32,No hltpathl1seed mapping found,,,,,,
33,No hltpathl1seed mapping found,,,,,,
34,No hltpathl1seed mapping found,,,,,,
35,No hltpathl1seed mapping found,,,,,,
36,No hltpathl1seed mapping found,,,,,,
37,No hltpathl1seed mapping found,,,,,,
38,No hltpathl1seed mapping found,,,,,,
39,No hltpathl1seed mapping found,,,,,,
40,No hltpathl1seed mapping found,,,,,,
41,No hltpathl1seed mapping found,,,,,,
42,No hltpathl1seed mapping found,,,,,,
43,No hltpathl1seed mapping found,,,,,,
44,No hltpathl1seed mapping found,,,,,,
45,No hltpathl1seed mapping found,,,,,,
46,No hltpathl1seed mapping found,,,,,,
47,No hltpathl1seed mapping found,,,,,,
48,No hltpathl1seed mapping found,,,,,,
49,No hltpathl1seed mapping found,,,,,,
50,No hltpathl1seed mapping found,,,,,,
51,No hltpathl1seed mapping found,,,,,,
52,No hltpathl1seed mapping found,,,,,,
53,No hltpathl1seed mapping found,,,,,,
54,No hltpathl1seed mapping found,,,,,,
55,No hltpathl1seed mapping found,,,,,,
56,No hltpathl1seed mapping found,,,,,,
57,No hltpathl1seed mapping found,,,,,,
58,No hltpathl1seed mapping found,,,,,,
59,No hltpathl1seed mapping found,,,,,,
60,No hltpathl1seed mapping found,,,,,,
61,No hltpathl1seed mapping found,,,,,,
62,No hltpathl1seed mapping found,,,,,,
63,No hltpathl1seed mapping found,,,,,,
64,No hltpathl1seed mapping found,,,,,,
65,No hltpathl1seed mapping found,,,,,,
66,No hltpathl1seed mapping found,,,,,,
67,No hltpathl1seed mapping found,,,,,,
68,No hltpathl1seed mapping found,,,,,,
69,No hltpathl1seed mapping found,,,,,,
70,No hltpathl1seed mapping found,,,,,,
71,No hltpathl1seed mapping found,,,,,,
72,No hltpathl1seed mapping found,,,,,,
73,No hltpathl1seed mapping found,,,,,,
74,No hltpathl1seed mapping found,,,,,,
75,No hltpathl1seed mapping found,,,,,,
76,No hltpathl1seed mapping found,,,,,,
77,No hltpathl1seed mapping found,,,,,,
78,No hltpathl1seed mapping found,,,,,,
79,No hltpathl1seed mapping found,,,,,,
80,No hltpathl1seed mapping found,,,,,,
81,No hltpathl1seed mapping found,,,,,,
82,No hltpathl1seed mapping found,,,,,,
83,No hltpathl1seed mapping found,,,,,,
84,No hltpathl1seed mapping found,,,,,,
85,No hltpathl1seed mapping found,,,,,,
86,No hltpathl1seed mapping found,,,,,,
87,No hltpathl1seed mapping found,,,,,,
88,No hltpathl1seed mapping found,,,,,,
89,No hltpathl1seed mapping found,,,,,,
90,No hltpathl1seed mapping found,,,,,,
91,No hltpathl1seed mapping found,,,,,,
92,No hltpathl1seed mapping found,,,,,,
93,No hltpathl1seed mapping found,,,,,,
94,No hltpathl1seed mapping found,,,,,,
95,No hltpathl1seed mapping found,,,,,,
96,No hltpathl1seed mapping found,,,,,,
97,No hltpathl1seed mapping found,,,,,,
98,No hltpathl1seed mapping found,,,,,,
99,No hltpathl1seed mapping found,,,,,,
100,No hltpathl1seed mapping found,,,,,,
101,No hltpathl1seed mapping found,,,,,,
102,No hltpathl1seed mapping found,,,,,,
103,No hltpathl1seed mapping found,,,,,,
104,No hltpathl1seed mapping found,,,,,,
105,No hltpathl1seed mapping found,,,,,,
106,No hltpathl1seed mapping found,,,,,,
107,No hltpathl1seed mapping found,,,,,,
108,No hltpathl1seed mapping found,,,,,,
109,No hltpathl1seed mapping found,,,,,,
110,No hltpathl1seed mapping found,,,,,,
111,No hltpathl1seed mapping found,,,,,,
112,No hltpathl1seed mapping found,,,,,,
113,No hltpathl1seed mapping found,,,,,,
114,No hltpathl1seed mapping found,,,,,,
115,No hltpathl1seed mapping found,,,,,,
116,No hltpathl1seed mapping found,,,,,,
117,No hltpathl1seed mapping found,,,,,,
118,No hltpathl1seed mapping found,,,,,,
119,No hltpathl1seed mapping found,,,,,,
120,No hltpathl1seed mapping found,,,,,,
121,No hltpathl1seed mapping found,,,,,,
122,No hltpathl1seed mapping found,,,,,,
123,No hltpathl1seed mapping found,,,,,,
124,No hltpathl1seed mapping found,,,,,,
125,No hltpathl1seed mapping found,,,,,,
126,No hltpathl1seed mapping found,,,,,,
127,No hltpathl1seed mapping found,,,,,,
128,No hltpathl1seed mapping found,,,,,,
129,No hltpathl1seed mapping found,,,,,,
130,No hltpathl1seed mapping found,,,,,,
131,No hltpathl1seed mapping found,,,,,,
132,No hltpathl1seed mapping found,,,,,,
133,No hltpathl1seed mapping found,,,,,,
134,No hltpathl1seed mapping found,,,,,,
135,No hltpathl1seed mapping found,,,,,,
136,No hltpathl1seed mapping found,,,,,,
137,No hltpathl1seed mapping found,,,,,,
138,No hltpathl1seed mapping found,,,,,,
139,No hltpathl1seed mapping found,,,,,,
140,No hltpathl1seed mapping found,,,,,,
141,No hltpathl1seed mapping found,,,,,,
142,No hltpathl1seed mapping found,,,,,,
143,No hltpathl1seed mapping found,,,,,,
144,No hltpathl1seed mapping found,,,,,,
145,No hltpathl1seed mapping found,,,,,,
146,No hltpathl1seed mapping found,,,,,,
147,No hltpathl1seed mapping found,,,,,,
148,No hltpathl1seed mapping found,,,,,,
149,No hltpathl1seed mapping found,,,,,,
150,No hltpathl1seed mapping found,,,,,,
151,No hltpathl1seed mapping found,,,,,,
152,No hltpathl1seed mapping found,,,,,,
153,No hltpathl1seed mapping found,,,,,,
154,No hltpathl1seed mapping found,,,,,,
155,No hltpathl1seed mapping found,,,,,,
156,No hltpathl1seed mapping found,,,,,,
157,No hltpathl1seed mapping found,,,,,,
158,No hltpathl1seed mapping found,,,,,,
159,No hltpathl1seed mapping found,,,,,,
160,No hltpathl1seed mapping found,,,,,,
161,No hltpathl1seed mapping found,,,,,,
162,No hltpathl1seed mapping found,,,,,,
163,No hltpathl1seed mapping found,,,,,,
164,No hltpathl1seed mapping found,,,,,,
165,No hltpathl1seed mapping found,,,,,,
166,No hltpathl1seed mapping found,,,,,,
167,No hltpathl1seed mapping found,,,,,,
168,No hltpathl1seed mapping found,,,,,,
169,No hltpathl1seed mapping found,,,,,,
170,No hltpathl1seed mapping found,,,,,,
171,No hltpathl1seed mapping found,,,,,,
172,No hltpathl1seed mapping found,,,,,,
173,No hltpathl1seed mapping found,,,,,,
174,No hltpathl1seed mapping found,,,,,,
175,No hltpathl1seed mapping found,,,,,,
176,No hltpathl1seed mapping found,,,,,,
177,No hltpathl1seed mapping found,,,,,,
178,No hltpathl1seed mapping found,,,,,,
179,No hltpathl1seed mapping found,,,,,,
180,No hltpathl1seed mapping found,,,,,,
181,No hltpathl1seed mapping found,,,,,,
182,No hltpathl1seed mapping found,,,,,,
183,No hltpathl1seed mapping found,,,,,,
184,No hltpathl1seed mapping found,,,,,,
185,No hltpathl1seed mapping found,,,,,,
186,No hltpathl1seed mapping found,,,,,,
187,No hltpathl1seed mapping found,,,,,,
188,No hltpathl1seed mapping found,,,,,,
189,No hltpathl1seed mapping found,,,,,,
190,No hltpathl1seed mapping found,,,,,,
191,No hltpathl1seed mapping found,,,,,,
192,No hltpathl1seed mapping found,,,,,,
193,No hltpathl1seed mapping found,,,,,,
194,No hltpathl1seed mapping found,,,,,,
195,No hltpathl1seed mapping found,,,,,,
196,No hltpathl1seed mapping found,,,,,,
197,No hltpathl1seed mapping found,,,,,,
198,No hltpathl1seed mapping found,,,,,,
199,No hltpathl1seed mapping found,,,,,,
200,No hltpathl1seed mapping found,,,,,,
201,No hltpathl1seed mapping found,,,,,,
202,No hltpathl1seed mapping found,,,,,,
203,No hltpathl1seed mapping found,,,,,,
204,No hltpathl1seed mapping found,,,,,,
205,No hltpathl1seed mapping found,,,,,,
206,No hltpathl1seed mapping found,,,,,,
207,No hltpathl1seed mapping found,,,,,,
208,No hltpathl1seed mapping found,,,,,,
209,No hltpathl1seed mapping found,,,,,,
210,No hltpathl1seed mapping found,,,,,,
211,No hltpathl1seed mapping found,,,,,,
212,No hltpathl1seed mapping found,,,,,,
213,No hltpathl1seed mapping found,,,,,,
214,No hltpathl1seed mapping found,,,,,,
215,No hltpathl1seed mapping found,,,,,,
216,No hltpathl1seed mapping found,,,,,,
217,No hltpathl1seed mapping found,,,,,,
218,No hltpathl1seed mapping found,,,,,,
219,No hltpathl1seed mapping found,,,,,,
220,No hltpathl1seed mapping found,,,,,,
221,No hltpathl1seed mapping found,,,,,,
222,No hltpathl1seed mapping found,,,,,,
223,No hltpathl1seed mapping found,,,,,,
224,No hltpathl1seed mapping found,,,,,,
225,No hltpathl1seed mapping found,,,,,,
226,No hltpathl1seed mapping found,,,,,,
227,No hltpathl1seed mapping found,,,,,,
228,No hltpathl1seed mapping found,,,,,,
229,No hltpathl1seed mapping found,,,,,,
230,No hltpathl1seed mapping found,,,,,,
231,No hltpathl1seed mapping found,,,,,,
232,No hltpathl1seed mapping found,,,,,,
233,No hltpathl1seed mapping found,,,,,,
234,No hltpathl1seed mapping found,,,,,,
235,No hltpathl1seed mapping found,,,,,,
236,No hltpathl1seed mapping found,,,,,,
237,No hltpathl1seed mapping found,,,,,,
238,No hltpathl1seed mapping found,,,,,,
239,No hltpathl1seed mapping found,,,,,,
240,No hltpathl1seed mapping found,,,,,,
241,No hltpathl1seed mapping found,,,,,,
242,No hltpathl1seed mapping found,,,,,,
243,No hltpathl1seed mapping found,,,,,,
244,No hltpathl1seed mapping found,,,,,,
245,No hltpathl1seed mapping found,,,,,,
246,No hltpathl1seed mapping found,,,,,,
247,No hltpathl1seed mapping found,,,,,,
248,No hltpathl1seed mapping found,,,,,,
249,No hltpathl1seed mapping found,,,,,,
250,No hltpathl1seed mapping found,,,,,,
251,No hltpathl1seed mapping found,,,,,,
252,No hltpathl1seed mapping found,,,,,,
253,No hltpathl1seed mapping found,,,,,,
254,No hltpathl1seed mapping found,,,,,,
255,No hltpathl1seed mapping found,,,,,,
256,No hltpathl1seed mapping found,,,,,,
257,No hltpathl1seed mapping found,,,,,,
258,No hltpathl1seed mapping found,,,,,,
259,No hltpathl1seed mapping found,,,,,,
260,No hltpathl1seed mapping found,,,,,,
261,No hltpathl1seed mapping found,,,,,,
262,No hltpathl1seed mapping found,,,,,,
263,No hltpathl1seed mapping found,,,,,,
264,No hltpathl1seed mapping found,,,,,,
265,No hltpathl1seed mapping found,,,,,,
266,No hltpathl1seed mapping found,,,,,,
267,No hltpathl1seed mapping found,,,,,,
268,No hltpathl1seed mapping found,,,,,,
269,No hltpathl1seed mapping found,,,,,,
270,No hltpathl1seed mapping found,,,,,,
271,No hltpathl1seed mapping found,,,,,,
272,No hltpathl1seed mapping found,,,,,,
273,No hltpathl1seed mapping found,,,,,,
274,No hltpathl1seed mapping found,,,,,,
275,No hltpathl1seed mapping found,,,,,,
276,No hltpathl1seed mapping found,,,,,,
277,No hltpathl1seed mapping found,,,,,,
278,No hltpathl1seed mapping found,,,,,,
279,No hltpathl1seed mapping found,,,,,,
280,No hltpathl1seed mapping found,,,,,,
281,No hltpathl1seed mapping found,,,,,,
282,No hltpathl1seed mapping found,,,,,,
283,No hltpathl1seed mapping found,,,,,,
284,No hltpathl1seed mapping found,,,,,,
285,No hltpathl1seed mapping found,,,,,,
286,No hltpathl1seed mapping found,,,,,,
287,No hltpathl1seed mapping found,,,,,,
288,No hltpathl1seed mapping found,,,,,,
289,No hltpathl1seed mapping found,,,,,,
290,No hltpathl1seed mapping found,,,,,,
291,No hltpathl1seed mapping found,,,,,,
292,No hltpathl1seed mapping found,,,,,,
293,No hltpathl1seed mapping found,,,,,,
294,No hltpathl1seed mapping found,,,,,,
295,No hltpathl1seed mapping found,,,,,,
296,No hltpathl1seed mapping found,,,,,,
297,No hltpathl1seed mapping found,,,,,,
298,No hltpathl1seed mapping found,,,,,,
299,No hltpathl1seed mapping found,,,,,,
300,No hltpathl1seed mapping found,,,,,,
301,No hltpathl1seed mapping found,,,,,,
302,No hltpathl1seed mapping found,,,,,,
303,No hltpathl1seed mapping found,,,,,,
304,No hltpathl1seed mapping found,,,,,,
305,No hltpathl1seed mapping found,,,,,,
306,No hltpathl1seed mapping found,,,,,,
307,No hltpathl1seed mapping found,,,,,,
308,No hltpathl1seed mapping found,,,,,,
309,No hltpathl1seed mapping found,,,,,,
310,No hltpathl1seed mapping found,,,,,,
311,No hltpathl1seed mapping found,,,,,,
312,No hltpathl1seed mapping found,,,,,,
313,No hltpathl1seed mapping found,,,,,,
314,No hltpathl1seed mapping found,,,,,,
315,No hltpathl1seed mapping found,,,,,,
316,No hltpathl1seed mapping found,,,,,,
317,No hltpathl1seed mapping found,,,,,,
318,No hltpathl1seed mapping found,,,,,,
319,No hltpathl1seed mapping found,,,,,,
320,No hltpathl1seed mapping found,,,,,,
321,No hltpathl1seed mapping found,,,,,,
322,No hltpathl1seed mapping found,,,,,,
323,No hltpathl1seed mapping found,,,,,,
324,No hltpathl1seed mapping found,,,,,,
325,No hltpathl1seed mapping found,,,,,,
326,No hltpathl1seed mapping found,,,,,,
327,No hltpathl1seed mapping found,,,,,,
328,No hltpathl1seed mapping found,,,,,,
329,No hltpathl1seed mapping found,,,,,,
330,No hltpathl1seed mapping found,,,,,,
331,No hltpathl1seed mapping found,,,,,,
332,No hltpathl1seed mapping found,,,,,,
333,No hltpathl1seed mapping found,,,,,,
334,No hltpathl1seed mapping found,,,,,,
335,No hltpathl1seed mapping found,,,,,,
336,No hltpathl1seed mapping found,,,,,,
337,No hltpathl1seed mapping found,,,,,,
338,No hltpathl1seed mapping found,,,,,,
339,No hltpathl1seed mapping found,,,,,,
340,No hltpathl1seed mapping found,,,,,,
341,No hltpathl1seed mapping found,,,,,,
342,No hltpathl1seed mapping found,,,,,,
343,No hltpathl1seed mapping found,,,,,,
344,No hltpathl1seed mapping found,,,,,,
345,No hltpathl1seed mapping found,,,,,,
346,No hltpathl1seed mapping found,,,,,,
347,No hltpathl1seed mapping found,,,,,,
348,No hltpathl1seed mapping found,,,,,,
349,No hltpathl1seed mapping found,,,,,,
350,No hltpathl1seed mapping found,,,,,,
351,No hltpathl1seed mapping found,,,,,,
352,No hltpathl1seed mapping found,,,,,,
353,No hltpathl1seed mapping found,,,,,,
354,No hltpathl1seed mapping found,,,,,,
355,No hltpathl1seed mapping found,,,,,,
356,No hltpathl1seed mapping found,,,,,,
357,No hltpathl1seed mapping found,,,,,,
358,No hltpathl1seed mapping found,,,,,,
359,No hltpathl1seed mapping found,,,,,,
360,No hltpathl1seed mapping found,,,,,,
361,No hltpathl1seed mapping found,,,,,,
362,No hltpathl1seed mapping found,,,,,,
363,No hltpathl1seed mapping found,,,,,,
364,No hltpathl1seed mapping found,,,,,,
365,No hltpathl1seed mapping found,,,,,,
366,No hltpathl1seed mapping found,,,,,,
367,No hltpathl1seed mapping found,,,,,,
368,No hltpathl1seed mapping found,,,,,,
369,No hltpathl1seed mapping found,,,,,,
370,No hltpathl1seed mapping found,,,,,,
371,No hltpathl1seed mapping found,,,,,,
372,No hltpathl1seed mapping found,,,,,,
373,No hltpathl1seed mapping found,,,,,,
374,No hltpathl1seed mapping found,,,,,,
375,No hltpathl1seed mapping found,,,,,,
376,No hltpathl1seed mapping found,,,,,,
377,No hltpathl1seed mapping found,,,,,,
378,No hltpathl1seed mapping found,,,,,,
379,No hltpathl1seed mapping found,,,,,,
380,No hltpathl1seed mapping found,,,,,,
381,No hltpathl1seed mapping found,,,,,,
382,No hltpathl1seed mapping found,,,,,,
383,No hltpathl1seed mapping found,,,,,,
384,No hltpathl1seed mapping found,,,,,,
385,No hltpathl1seed mapping found,,,,,,
386,No hltpathl1seed mapping found,,,,,,
387,No hltpathl1seed mapping found,,,,,,
388,No hltpathl1seed mapping found,,,,,,
389,No hltpathl1seed mapping found,,,,,,
390,No hltpathl1seed mapping found,,,,,,
391,No hltpathl1seed mapping found,,,,,,
392,No hltpathl1seed mapping found,,,,,,
393,No hltpathl1seed mapping found,,,,,,
394,No hltpathl1seed mapping found,,,,,,
395,No hltpathl1seed mapping found,,,,,,
396,No hltpathl1seed mapping found,,,,,,
397,No hltpathl1seed mapping found,,,,,,
398,No hltpathl1seed mapping found,,,,,,
399,No hltpathl1seed mapping found,,,,,,
400,No hltpathl1seed mapping found,,,,,,
401,No hltpathl1seed mapping found,,,,,,
402,No hltpathl1seed mapping found,,,,,,
403,No hltpathl1seed mapping found,,,,,,
404,No hltpathl1seed mapping found,,,,,,
405,No hltpathl1seed mapping found,,,,,,
406,No hltpathl1seed mapping found,,,,,,
407,No hltpathl1seed mapping found,,,,,,
408,No hltpathl1seed mapping found,,,,,,
409,No hltpathl1seed mapping found,,,,,,
410,No hltpathl1seed mapping found,,,,,,
411,No hltpathl1seed mapping found,,,,,,
412,No hltpathl1seed mapping found,,,,,,
413,No hltpathl1seed mapping found,,,,,,
414,No hltpathl1seed mapping found,,,,,,
415,No hltpathl1seed mapping found,,,,,,
416,No hltpathl1seed mapping found,,,,,,
417,No hltpathl1seed mapping found,,,,,,
418,No hltpathl1seed mapping found,,,,,,
419,No hltpathl1seed mapping found,,,,,,
420,No hltpathl1seed mapping found,,,,,,
421,No hltpathl1seed mapping found,,,,,,
422,No hltpathl1seed mapping found,,,,,,
423,No hltpathl1seed mapping found,,,,,,
424,No hltpathl1seed mapping found,,,,,,
425,No hltpathl1seed mapping found,,,,,,
426,No hltpathl1seed mapping found,,,,,,
427,No hltpathl1seed mapping found,,,,,,
428,No hltpathl1seed mapping found,,,,,,
429,No hltpathl1seed mapping found,,,,,,
430,No hltpathl1seed mapping found,,,,,,
431,No hltpathl1seed mapping found,,,,,,
432,No hltpathl1seed mapping found,,,,,,
433,No hltpathl1seed mapping found,,,,,,
434,No hltpathl1seed mapping found,,,,,,
435,No hltpathl1seed mapping found,,,,,,
436,No hltpathl1seed mapping found,,,,,,
437,No hltpathl1seed mapping found,,,,,,
438,No hltpathl1seed mapping found,,,,,,
439,No hltpathl1seed mapping found,,,,,,
440,No hltpathl1seed mapping found,,,,,,
441,No hltpathl1seed mapping found,,,,,,
442,No hltpathl1seed mapping found,,,,,,
443,No hltpathl1seed mapping found,,,,,,
444,No hltpathl1seed mapping found,,,,,,
445,No hltpathl1seed mapping found,,,,,,
446,No hltpathl1seed mapping found,,,,,,
447,No hltpathl1seed mapping found,,,,,,
448,No hltpathl1seed mapping found,,,,,,
449,No hltpathl1seed mapping found,,,,,,
450,No hltpathl1seed mapping found,,,,,,
451,No hltpathl1seed mapping found,,,,,,
452,No hltpathl1seed mapping found,,,,,,
453,No hltpathl1seed mapping found,,,,,,
454,No hltpathl1seed mapping found,,,,,,
455,No hltpathl1seed mapping found,,,,,,
456,No hltpathl1seed mapping found,,,,,,
457,No hltpathl1seed mapping found,,,,,,
458,No hltpathl1seed mapping found,,,,,,
459,No hltpathl1seed mapping found,,,,,,
460,No hltpathl1seed mapping found,,,,,,
461,No hltpathl1seed mapping found,,,,,,
462,No hltpathl1seed mapping found,,,,,,
463,No hltpathl1seed mapping found,,,,,,
464,No hltpathl1seed mapping found,,,,,,
465,No hltpathl1seed mapping found,,,,,,
466,No hltpathl1seed mapping found,,,,,,
467,No hltpathl1seed mapping found,,,,,,
468,No hltpathl1seed mapping found,,,,,,
469,No hltpathl1seed mapping found,,,,,,
470,No hltpathl1seed mapping found,,,,,,
471,No hltpathl1seed mapping found,,,,,,
472,No hltpathl1seed mapping found,,,,,,
473,No hltpathl1seed mapping found,,,,,,
474,No hltpathl1seed mapping found,,,,,,
